VBA Project,GUID,Friendly name
SharePoint16ITPro,d359cdaa-0ebd-4c59-8fc5-002cba241b18,overview-of-rbs-in-sharepoint-server
SharePoint16ITPro,f687788b-f9b6-4a63-94d2-008939108c65,add-edit-or-delete-a-content-source-in-sharepoint-server
SharePoint16ITPro,b17a56ea-2e7f-43c6-9a17-00ae1f5c4089,configure-and-use-the-documentum-connector-in-sharepoint-server
SharePoint16ITPro,44c05570-37c1-49dd-8015-015f8908199c,delete-and-restore-site-collections-in-sharepoint-server
SharePoint16ITPro,156f69fe-1831-472f-8e42-01c138d408ed,some-content-databases-are-growing-too-large-sharepoint-server-2016
SharePoint16ITPro,cf19810b-5548-447c-a94d-026ad6e9d096,customize-search-result-types-in-sharepoint-server
SharePoint16ITPro,502fcb0a-c20a-433d-aac1-02ba20d81a7e,manage-query-suggestions-in-sharepoint-server
SharePoint16ITPro,ee3bd227-1ba9-4eff-9d60-02cd32f64171,databases-running-in-compatibility-range-upgrade-recommended-sharepoint-server-2
SharePoint16ITPro,84972766-6527-4791-ae68-02d3a50b67f0,install-microsoft-identity-manager-for-user-profiles-in-sharepoint-server-2016
SharePoint16ITPro,73cfd7b3-be90-480a-b415-039fa97d9b89,enable-search-alerts-in-sharepoint-server
SharePoint16ITPro,f8249a19-005f-4ae0-b7c0-04a683691fbf,the-net-pipe-listener-adapter-isn-t-available-sharepoint-server-2016
SharePoint16ITPro,5f0402ca-90c6-4528-b1de-04d4f28fb2a6,manage-a-connection-to-a-document-center-or-a-records-center-in-sharepoint-serve
SharePoint16ITPro,9e952b26-fb0e-48a5-89b1-054f54f9b986,overview-of-visio-services-in-sharepoint-server
SharePoint16ITPro,5020140d-24c4-4817-8bb4-05e1c225d1f2,deployment-considerations-for-implementing-microsoft-identity-manager-with-share
SharePoint16ITPro,7eea752e-5bdc-48b1-99cb-05e6c3669c4a,enable-trusted-locations-for-performancepoint-services
SharePoint16ITPro,5c23f9ea-d019-4750-abdf-0633bffa84f4,test-lab-guide-configure-sharepoint-server-2013-in-a-three-tier-farm
SharePoint16ITPro,ec3a8cb2-141f-4c4b-a3c3-068ea89121cf,the-unattended-service-account-application-id-is-not-specified-or-has-an-invalid
SharePoint16ITPro,45acdd33-b322-4f36-97f1-0701159e15f0,back-up-site-collections-in-sharepoint-server
SharePoint16ITPro,d21f7d68-c18b-4253-af8b-0765c86a331b,configure-visio-services-data-refresh-in-sharepoint-server-2016-by-using-the-una
SharePoint16ITPro,2b98f39e-649f-4b00-b025-0775ac996268,integrate-a-yammer-network-into-sharepoint-server-2013-and-office-365
SharePoint16ITPro,56a95840-704c-4aa0-9d37-078e7ab4f83c,overview-of-onedrive-for-business-in-sharepoint-server
SharePoint16ITPro,2d11e10c-c224-46a6-8c03-07913b38c13e,use-excel-services-with-secure-store-service-in-sharepoint-server-2016
SharePoint16ITPro,987f22e3-53cc-4e6a-93e7-0851af4f31db,immediate-translations-for-the-machine-translation-service-are-disabled-sharepoi
SharePoint16ITPro,cbb210e8-2969-4fd5-a82d-08ad1996c5b4,plan-trusted-data-connection-libraries-in-sharepoint-server-2013
SharePoint16ITPro,955084c9-91e1-4f66-9ec4-09d2816c5c6f,plan-excel-services-global-settings-in-sharepoint-server-2013
SharePoint16ITPro,96af09c3-95c5-4472-b452-0aef8116bd79,updated-product-servicing-policy-for-sharepoint-server-2016
SharePoint16ITPro,f3625c2f-a588-422c-9fbe-0b83205fbc88,web-config-file-has-incorrect-settings-for-the-requestfiltering-element-sharepoi
SharePoint16ITPro,45e8f120-3d0c-4b5f-bf5f-0bc4e3c679d7,plan-a-business-connectivity-services-solution-in-sharepoint-server
SharePoint16ITPro,65552a5e-228b-4789-8982-0c29871c85b0,governance-planning-in-sharepoint-server-2016
SharePoint16ITPro,a0f2c651-e353-4197-b0dd-0cbe6f18c811,plan-authentication-in-sharepoint-server
SharePoint16ITPro,e8eb4d14-cb99-4f43-b845-0cc0963fab47,visio-services-in-sharepoint-server-2016-knowledge-articles
SharePoint16ITPro,9136a204-9877-4591-a7e5-0cdeda60114e,delegate-administration-of-user-profile-service-applications-or-features-in-shar
SharePoint16ITPro,0e24bb6a-8977-467f-bf69-0cfef1c8e288,distributed-cache-service-is-not-configured-on-server-s
SharePoint16ITPro,626fc816-cd0e-44e1-8ea7-0d0b536b379b,manage-the-search-index-in-sharepoint-server-2016
SharePoint16ITPro,2b2c3b2a-49f3-4c96-9efd-0d557f0332db,plan-enterprise-search-architecture-in-sharepoint-server-2016
SharePoint16ITPro,59c0540e-1238-4138-b98d-0d74ca59b9db,back-up-search-service-applications-in-sharepoint-server
SharePoint16ITPro,40117fda-70a0-4e3d-8cd3-0def768da16c,plan-for-user-authentication-methods-in-sharepoint-server
SharePoint16ITPro,7af845bc-f245-459f-871d-0ee06c64a184,plan-content-types-and-workflows-in-sharepoint-2013
SharePoint16ITPro,0adff5f5-26d3-439f-86fa-0f0f8e0b8fc5,maintain-rbs-in-sharepoint-server
SharePoint16ITPro,40f1d080-3523-444f-a389-0f37a40ae44a,plan-excel-services-data-model-settings-in-sharepoint-server-2013
SharePoint16ITPro,f6012bb0-04c1-4c9c-a4e6-0f45133f2da0,content-databases-contain-orphaned-apps-sharepoint-server-2016
SharePoint16ITPro,056e74ea-9428-45f8-abed-1040d8e413dd,sharepoint-server-2016-dev-test-environment-in-azure
SharePoint16ITPro,883fac19-3048-4ef0-b473-10b3b05493b6,managing-a-minrole-server-farm-in-sharepoint-server-2016
SharePoint16ITPro,4737381b-24e5-4c32-bdff-10dd4a81e648,manage-unused-site-collections-in-sharepoint-server
SharePoint16ITPro,ae92f528-9768-4ea1-9b19-110fb4c88c7f,plan-sharepoint-server-hybrid
SharePoint16ITPro,3fdbc40b-8562-4bec-be89-113a64e19911,configure-scheduled-data-refresh-for-power-pivot-by-using-the-unattended-data-re
SharePoint16ITPro,ebbd99e2-98e8-478f-87f3-12f195741b72,sql-server-and-storage-sharepoint-server
SharePoint16ITPro,39928a90-e197-4755-af49-130e1ba6f5e5,manage-web-parts-in-sharepoint-server
SharePoint16ITPro,d1c43543-2363-4762-882f-13f06295d0d5,best-practices-for-sql-server-in-a-sharepoint-server-farm
SharePoint16ITPro,85aa1c35-1322-42ad-a625-1496aee67858,databases-within-this-farm-are-set-to-read-only-and-will-fail-to-upgrade-unless
SharePoint16ITPro,462e12d6-1a5d-4b7c-a0d5-14c551262be1,overview-of-sites-and-site-collections-in-sharepoint-server
SharePoint16ITPro,8404adef-6bfb-4795-be16-15739e1212f5,copy-configuration-settings-between-farms-in-sharepoint-server
SharePoint16ITPro,d63f37bc-3383-4df8-af12-15da5eb1133c,accessibility-guidelines-in-sharepoint-server-2016
SharePoint16ITPro,6483e4c3-dc7e-49fd-92a7-15e1bb63d432,overview-of-monitoring-in-sharepoint-server
SharePoint16ITPro,89c08a8b-74ee-4a97-8885-16c4c5a1288d,manage-company-name-extraction-in-sharepoint-server
SharePoint16ITPro,3ebcdcdf-593e-44bd-b60d-16efd5f07a16,configure-trust-for-search-between-two-sharepoint-server-farms
SharePoint16ITPro,4356bad9-de1d-4e81-b049-17248b4a86c1,plan-crawling-and-federation-in-sharepoint-server
SharePoint16ITPro,8198232e-8d49-46fa-b9f0-17b1d5ee6b62,overview-of-the-user-profile-service-architecture-in-sharepoint-server
SharePoint16ITPro,e0797f61-5b78-4a8d-92ea-17e9f5b5ab56,video-cleanup-of-databases-after-upgrade-procedure
SharePoint16ITPro,a8c86550-d709-4333-9b38-181590d5ead9,monitor-and-manage-app-licenses-in-sharepoint-server
SharePoint16ITPro,dfe5a861-519a-4fc0-89b8-185df5e73284,overview-of-managing-digital-assets-in-sharepoint-server-2013
SharePoint16ITPro,56ea0f40-426b-43da-aff5-187fe5adc946,prepare-to-back-up-and-restore-farms-in-sharepoint-server
SharePoint16ITPro,45d9570f-59d7-4f6b-b8e1-18868b27b0bc,the-settings-for-word-automation-services-are-not-within-the-recommended-limits
SharePoint16ITPro,0ed0b44c-d60d-4b85-87de-19065d968835,plan-for-sharepoint-server
SharePoint16ITPro,48a1c449-7bf6-4f12-a5f3-1933caadf713,validate-the-business-connectivity-services-hybrid-scenario
SharePoint16ITPro,d845819f-0cbf-4595-bb14-19414acbd79b,plan-hybrid-federated-search-for-sharepoint-server
SharePoint16ITPro,f58bdfdc-0c7e-481e-b3ac-194423f37262,system-center-operations-manager-knowledge-articles-for-sharepoint-server
SharePoint16ITPro,41ec2552-43cd-471a-ba22-1962297758c0,configure-a-business-data-connectivity-service-application-in-sharepoint-server
SharePoint16ITPro,97384552-ef3d-48ba-be57-1abc7d4c7f0a,capacity-management-and-sizing-overview-for-sharepoint-server-2013
SharePoint16ITPro,6aa16d9a-812a-4bbc-b421-1b4589452503,move-content-databases-in-sharepoint-server
SharePoint16ITPro,04812402-43d6-4605-960c-1dd5ec65bef1,create-a-high-availability-architecture-and-strategy-for-sharepoint-server
SharePoint16ITPro,d08d6d65-23c2-48cb-a871-1e021a382e5e,back-up-the-secure-store-service-in-sharepoint-server
SharePoint16ITPro,d6845f9b-7c1e-4220-a24d-1e5cade8f0d8,configure-result-sources-for-search-in-sharepoint-server
SharePoint16ITPro,83ee2a38-1b91-4c6a-83de-1e968db74611,set-a-content-database-to-use-rbs-with-filestream-in-sharepoint-server
SharePoint16ITPro,5005124c-09d0-435c-99a4-1f2cb1fdae91,turn-on-automated-document-translation-in-sharepoint-server-2016
SharePoint16ITPro,d10d1262-7127-424e-a0a8-1f3c5d42dd85,run-hybrid-picker
SharePoint16ITPro,bd5f42e5-81a9-47bc-a17e-1f9574324961,use-effectiveusername-in-performancepoint-services
SharePoint16ITPro,c2eda191-1814-423b-882f-1fdafe9df6c9,create-edit-and-delete-quota-templates-in-sharepoint-server
SharePoint16ITPro,0490bf49-4e23-475f-bf37-2000dca31845,co-authoring-administration-in-sharepoint-2013
SharePoint16ITPro,b71ccbbf-37c0-46c2-a403-20934e1e104e,sharepoint-intranet-farm-in-azure-phase-3-configure-sql-server-infrastructure
SharePoint16ITPro,7c82bdf9-453f-4ee9-a2e6-20adf05ad59c,use-visio-services-with-secure-store-service-in-sharepoint-server
SharePoint16ITPro,937a136c-7cc1-4e61-8a2c-2161d484c13f,configure-sharepoint-health-analyzer-rules-in-sharepoint-server
SharePoint16ITPro,f3819495-4b67-4a71-ba46-23e43b175620,verify-database-upgrades-in-sharepoint-server-2016
SharePoint16ITPro,57d52c9e-5069-4bcf-87e3-24482198a462,add-apps-for-sharepoint-to-a-sharepoint-site
SharePoint16ITPro,2093c146-c880-48c6-9526-24cdf80969ba,plan-for-people-picker-in-sharepoint-2013
SharePoint16ITPro,42e7a722-1e13-4f48-b866-2548cff05225,set-up-onedrive-for-business-in-a-sharepoint-server-on-premises-environment
SharePoint16ITPro,144e5f6e-0c9c-4f01-9b1f-26190d527e85,synchronize-user-and-group-profiles-in-sharepoint-server-2013
SharePoint16ITPro,9cea4a3d-c196-4d9e-942d-2677a6c15c13,configure-power-pivot-for-sharepoint-2013
SharePoint16ITPro,59f3af85-89f9-43ba-b364-28a810cae42e,configure-the-co-authoring-versioning-period-in-sharepoint-2013
SharePoint16ITPro,7bc6999f-c4f4-476f-ba0b-28b74166e9c2,get-and-install-the-yammer-app-onto-sharepoint-server-2013-sites
SharePoint16ITPro,d7b9c8dd-274a-46ec-a8f6-28b7f5f0fa9e,verify-that-oauth-is-configured-correctly-for-the-machine-translation-service-ap
SharePoint16ITPro,820ace03-1fb7-41fd-a077-28b82ebddde3,administer-search-in-sharepoint-server
SharePoint16ITPro,1e637e17-2634-4601-a574-299a7c27bb24,export-sites-lists-or-document-libraries-in-sharepoint-server
SharePoint16ITPro,5e242415-c288-48c7-a373-29acc359ad95,the-visio-graphics-service-has-a-maximum-cache-size-setting-that-may-adversely-i
SharePoint16ITPro,d04ccc23-89b1-4927-9607-2a1073d67580,verify-that-the-activity-feed-timer-job-is-enabled-sharepoint-server-2016
SharePoint16ITPro,22d5dc9c-66bd-40d7-8c60-2a2a066db224,plan-for-multilingual-sites-in-sharepoint-server
SharePoint16ITPro,f753e138-04c2-4358-a12e-2a406a431ac9,supported-and-unsupported-documentum-object-types-and-properties-in-sharepoint-s
SharePoint16ITPro,185da9e8-9ed1-4bf1-bfb5-2a5a874f2a19,identify-users-and-analyze-document-usage-in-sharepoint-2013
SharePoint16ITPro,bfe89420-2a60-4ce7-8b11-2b45fd38f822,verify-that-the-critical-user-profile-application-and-user-profile-proxy-applica
SharePoint16ITPro,6c4f87aa-1004-4b87-aaca-2c262588fc46,manage-the-index-component-in-sharepoint-server
SharePoint16ITPro,b37c1d36-5bfe-4f76-bb03-2c5436c043a2,install-and-configure-workflow-for-sharepoint-server-2013
SharePoint16ITPro,f2bd109d-83ce-4bf5-aec8-2c7df2ff5c3b,a-state-service-application-has-no-database-defined-sharepoint-server-2016
SharePoint16ITPro,e913bd67-b50b-47d7-9784-2d312b97de0b,best-practices-for-organizing-content-for-search-in-sharepoint-server
SharePoint16ITPro,842d7420-32ee-4e82-a8db-2dbb3e01a36c,configure-my-sites-and-onedrive-for-business-in-sharepoint-server
SharePoint16ITPro,40ed4458-d798-4aa1-82b9-2e5433991596,restore-content-from-unattached-content-databases-in-sharepoint-server
SharePoint16ITPro,81890ff0-e2f9-4752-8e8e-2e8502c76311,manage-the-search-schema-in-sharepoint-server
SharePoint16ITPro,5cf2a498-d879-4673-b4d4-2eaa36695ff9,view-search-diagnostics-in-sharepoint-server
SharePoint16ITPro,9ff8ab96-6028-4f6a-8cc2-2ebe7eb19413,view-health-reports-in-sharepoint-server
SharePoint16ITPro,db44c8d7-e081-42a3-a42a-2ee1b369dd47,back-up-content-databases-in-sharepoint-server
SharePoint16ITPro,80f7df54-738e-49ba-9ff9-2f312d77a271,back-up-user-profile-service-applications-in-sharepoint-server
SharePoint16ITPro,7a690328-78c5-4dc2-b03f-30165ad186c1,result-types-and-display-templates-that-are-used-to-display-search-results-in-sh
SharePoint16ITPro,6a7cfa97-f4b1-4b3f-9b98-303ee1e836c2,add-or-remove-service-application-connections-from-a-web-application-in-sharepoi
SharePoint16ITPro,ffec2e36-9142-45ae-866e-308d6efbc114,configure-and-use-the-exchange-connector-for-sharepoint-server
SharePoint16ITPro,49150632-b723-44ae-9918-3099f7dd0151,overview-of-performancepoint-scorecards
SharePoint16ITPro,2785b806-01ce-498a-9f73-30da470c2956,configure-the-hybrid-infrastructure
SharePoint16ITPro,ca5a0b10-4020-4f9e-8ecc-30e64c4b109f,plan-for-the-multilingual-user-interface-in-sharepoint-server
SharePoint16ITPro,4fbe0228-54c6-40ce-a9d3-3198423fe688,use-effectiveusername-with-excel-services-sharepoint-server-2013
SharePoint16ITPro,dee7c975-5738-494f-bf70-31b0e0bc8206,overview-of-microsoft-identity-manager-synchronization-service-in-sharepoint-ser
SharePoint16ITPro,3fdf9bcc-11c0-48af-b8c3-327902f53d73,search-in-sharepoint-server-2016-knowledge-articles-for-systems-center-operation
SharePoint16ITPro,763613ac-83f4-424e-99d0-32efd0667bd9,plan-security-hardening-for-sharepoint-server-2016
SharePoint16ITPro,7b24439f-640a-412d-a35b-33007966bb58,supporting-the-sharepoint-mobile-apps-online-and-on-premises
SharePoint16ITPro,7c877590-c6b4-48b2-aee3-330c5d42d44c,install-and-configure-rbs-with-a-3rd-party-provider-for-sharepoint-server
SharePoint16ITPro,8926030c-ace4-4e32-ada6-3333b56812c3,how-to-use-the-managed-solutions-gallery
SharePoint16ITPro,1c3b661f-7d88-4b2c-bc3a-3337253f3f30,best-practices-for-upgrading-to-sharepoint-server-2016
SharePoint16ITPro,6f1b9f42-2408-43e3-ab87-33b122a8b545,plan-publishing-sites-for-cross-site-publishing-in-sharepoint-server
SharePoint16ITPro,5d120a41-37e5-4711-b31e-33e82b034af0,manage-the-distributed-cache-service-in-sharepoint-server
SharePoint16ITPro,6f72c13c-d745-484a-b07f-3426e3c49d3f,overview-of-the-performancepoint-decomposition-tree
SharePoint16ITPro,75113d71-7193-44ab-b79b-34cb9cf9aa94,troubleshoot-site-collection-upgrade-issues-in-sharepoint-server-2016
SharePoint16ITPro,8c733fb9-18b9-4770-b90b-364bd7ab30d1,sharepoint-intranet-farm-in-azure-phase-4-configure-sharepoint-servers
SharePoint16ITPro,403e75f3-9e53-4d5b-a476-365e6e4bc92e,authentication-overview-for-sharepoint-server
SharePoint16ITPro,cdaf9810-59dc-4afb-af6a-36ceb3795da7,create-an-excel-services-dashboard-using-an-odata-data-feed
SharePoint16ITPro,c5b49fbd-4c1a-4188-a509-373298e92c1b,ip-support-in-sharepoint-2013
SharePoint16ITPro,837761f9-0e18-4b42-8798-3776997a6c95,high-availability-and-disaster-recovery-concepts-in-sharepoint-server
SharePoint16ITPro,e56b99dc-3731-4cdd-8576-3777c3827e49,the-number-of-distributed-cache-hosts-in-the-farm-exceeds-the-recommended-value
SharePoint16ITPro,c598457b-38d9-434c-b715-3786109cd27e,set-permissions-to-published-service-applications-in-sharepoint-server
SharePoint16ITPro,df399658-84ac-4ca6-aaf4-378eef361cbb,what-is-governance-in-sharepoint
SharePoint16ITPro,cab37e59-7ae1-403a-8fa2-37fe0701961e,one-or-more-web-applications-are-configured-to-use-windows-classic-authenticatio
SharePoint16ITPro,de17a1ff-79f4-4638-918b-380fb0a15205,monitoring-and-reporting-in-sharepoint-server
SharePoint16ITPro,7c8ddec1-c8ff-4a90-afae-387b27a653f1,overview-of-search-result-ranking-in-sharepoint-server
SharePoint16ITPro,067783ba-e22f-41a8-9a1b-38a89c3a30c2,configure-visio-services-data-refresh-in-sharepoint-server-by-using-external-dat
SharePoint16ITPro,c824fa0f-bae9-4791-92ee-38d8e70140ec,accounts-needed-for-hybrid-configuration-and-testing
SharePoint16ITPro,57592cbe-47c1-44c7-8f57-38fa192df4f7,the-server-farm-account-should-not-be-used-for-other-services-sharepoint-server
SharePoint16ITPro,40d265d9-dd16-405f-8c85-390975024bad,get-started-with-upgrades-to-sharepoint-server-2016
SharePoint16ITPro,ca15deea-3645-4a49-b39d-395ff87195fa,test-and-troubleshoot-an-upgrade-to-sharepoint-server-2016
SharePoint16ITPro,0112182a-6246-4d8a-8c07-39622be3c4a1,export-and-import-customized-search-configuration-settings-in-sharepoint-server
SharePoint16ITPro,e4b1234e-2b69-4c44-9621-398d20122cab,business-data-connectivity-connectors-are-currently-enabled-in-a-partitioned-env
SharePoint16ITPro,7ad523f5-db54-4169-81ba-3a7b60f218b7,uninstall-sharepoint-server-2016
SharePoint16ITPro,9b1e8b21-7675-4186-beb6-3adeef4360e6,database-types-and-descriptions-in-sharepoint-server
SharePoint16ITPro,733647a3-a5d3-475b-967d-3bb627c2a0c2,install-and-manage-apps-for-sharepoint-server
SharePoint16ITPro,a19bb905-2984-4512-8e8a-3c17ec3680c0,manage-the-app-catalog-in-sharepoint-server
SharePoint16ITPro,b3cb17a1-939c-4314-9f83-3c6b8a309bba,import-a-list-or-document-library-in-sharepoint-server
SharePoint16ITPro,2ce4b90f-5eb0-4d5d-8ddb-3cf00952de4e,plan-for-server-to-server-authentication-in-sharepoint-server
SharePoint16ITPro,26272515-e0ec-4764-b148-3cf55e520995,plan-search-for-cross-site-publishing-sites-in-sharepoint-server-2016
SharePoint16ITPro,ba00a200-ea96-45f6-a423-3cfcffba77f8,about-service-applications-and-services-in-sharepoint-server
SharePoint16ITPro,30f4e254-0b00-49bb-84af-3ece619ad0e4,use-a-sharepoint-server-2013-records-archive-or-manage-records-in-place
SharePoint16ITPro,3fa7973f-2c1a-4be0-b903-3f1e6bdcf1d8,create-and-configure-a-search-service-application-in-sharepoint-server-2016
SharePoint16ITPro,38095e9b-5b48-4d2a-a787-3f7900b138e0,machine-translation-service-in-sharepoint-server-2016-knowledge-articles
SharePoint16ITPro,d7d023a6-0d61-47ae-b442-3fd8108bcbb7,distributed-cache-service-is-unexpectedly-configured-on-server-s
SharePoint16ITPro,f7fcf9d3-c895-4f91-b9c2-4036519a2fd5,secure-sockets-layer-ssl-and-transport-layer-security-tls-protocol-support-in-sh
SharePoint16ITPro,01abe8d2-33f8-48fe-af76-40522a5afe08,plan-for-backup-and-recovery-in-sharepoint-server
SharePoint16ITPro,88878bbd-e26e-4fed-8f2a-40a81fb4d528,the-timer-service-failed-to-recycle-sharepoint-server-2016
SharePoint16ITPro,c24cffe8-fa32-43e4-95ed-42118ef9643d,display-hybrid-federated-search-results-in-sharepoint-online
SharePoint16ITPro,0853bed9-1084-413b-bf91-427dc643a5e5,configure-excel-services-data-refresh-by-using-external-data-connections-in-shar
SharePoint16ITPro,984e2448-e53a-4b4e-bd4a-4340213218a2,manage-crawl-rules-in-sharepoint-server
SharePoint16ITPro,b4c2dace-97fc-43c7-8991-44279a4fe05d,use-a-sample-mim-solution-in-sharepoint-server-2016
SharePoint16ITPro,fb651b8b-5657-4686-b084-443016aba76c,the-paging-file-size-should-exceed-the-amount-of-physical-ram-in-the-system-shar
SharePoint16ITPro,3efb6e12-ad3c-41c7-9def-446df626aefd,server-to-server-authentication-and-user-profiles-in-sharepoint-server
SharePoint16ITPro,fcfdb2ad-9d0e-43ca-8bfa-45064eeca5af,configure-excel-services-data-refresh-by-using-the-unattended-service-account-in
SharePoint16ITPro,64233599-f18c-4081-a3ce-450e878a1b9f,system-requirements-for-sharepoint-server-2016
SharePoint16ITPro,e8baee59-a84d-4f56-bdeb-45de7d522b68,integrate-a-yammer-network-into-sharepoint-server-2013-with-social-features
SharePoint16ITPro,32bc4341-ba5f-444b-bd55-462f67f16c27,security-for-sharepoint-server
SharePoint16ITPro,cbb3b242-76ed-4539-b454-4685a84d57c5,restore-web-applications-in-sharepoint-server
SharePoint16ITPro,96dc4ef1-cec8-47d0-b995-46bca3e8eda2,back-up-service-applications-in-sharepoint-server
SharePoint16ITPro,f50ca1b2-5075-49f6-9689-46c7b8a29b47,restore-search-service-applications-in-sharepoint-server
SharePoint16ITPro,215432d7-cb3b-4af4-beed-47492a6777f0,administer-the-user-profile-service-in-sharepoint-server
SharePoint16ITPro,ac2338f5-1b06-4a7c-9dc0-4751b6421cb3,delete-a-service-application-in-sharepoint-server
SharePoint16ITPro,9d1f5998-e6b6-474c-a2aa-47782b63e53e,overview-of-managed-navigation-in-sharepoint-server
SharePoint16ITPro,a2ef35c4-6b29-4ad1-8652-48a019838ea0,configure-excel-services-sharepoint-server-2013
SharePoint16ITPro,73d7f970-c378-4b31-92d5-48cdeb8075e6,document-farm-configuration-settings-in-sharepoint-server
SharePoint16ITPro,5a1b6cd9-358c-41af-8309-495640518eac,integrate-multiple-yammer-networks-into-sharepoint-server-2013
SharePoint16ITPro,a96075c6-d315-40a8-a739-49b91c61978f,storage-and-sql-server-capacity-planning-and-configuration-sharepoint-server
SharePoint16ITPro,e00cc8ed-8a01-4928-9175-49efe03288a1,critical-state-of-this-rule-indicates-that-the-word-automation-services-is-not-r
SharePoint16ITPro,4385b870-c3ec-462f-a43d-49f18e4d8675,plan-for-visio-services-in-sharepoint-server
SharePoint16ITPro,9b5a1f99-0193-4a97-b0d1-4a5633b32c43,redesign-enterprise-search-topology-for-more-content-and-users-in-sharepoint-201
SharePoint16ITPro,ff584a8c-871c-40bf-8ada-4a59615abbc9,hide-sharepoint-server-2013-social-features
SharePoint16ITPro,48fa0391-b996-4a46-8744-4b1777db3d2f,add-the-yammer-embed-widget-to-a-sharepoint-page
SharePoint16ITPro,606ba9e1-807a-4a1a-a1ad-4bad474e5371,manage-site-collections-in-sharepoint-server
SharePoint16ITPro,4045020c-6ed2-4139-84f4-4bf7d099918d,plan-for-feeds-and-the-distributed-cache-service-in-sharepoint-server
SharePoint16ITPro,335af336-da96-4b50-9901-4c4ef151c790,verify-that-oauth-is-configured-correctly-for-the-machine-translation-service-ap
SharePoint16ITPro,eebac7af-f3e4-4e71-ad57-4c5ff3a58f30,plan-for-apps-for-sharepoint-server
SharePoint16ITPro,f957e1ce-0a39-490c-b533-4ddab4f5bb7a,sharepoint-intranet-farm-in-azure-phase-1-configure-azure
SharePoint16ITPro,213926f7-93d0-410c-ad6f-4de55376fe5b,overview-of-performancepoint-strategy-maps
SharePoint16ITPro,6485e76d-9c52-40eb-ae0f-4e00c321c7d8,integrate-a-new-yammer-network-into-sharepoint-server-2013
SharePoint16ITPro,4c7e118f-e3f3-450d-acf1-4e219c932fce,plan-for-my-sites-and-onedrive-for-business-in-sharepoint-server
SharePoint16ITPro,5e44cf6c-2271-4ff1-af7f-4e73849ffdf6,configure-adventureworks-for-business-intelligence-solutions
SharePoint16ITPro,0c7bea8c-36aa-450e-806c-4eacf793ae9c,manage-sites-in-sharepoint-server
SharePoint16ITPro,ad39b1b5-a73b-4a48-af5e-4f032ea52e1d,configure-a-hybrid-solution-for-sharepoint-server
SharePoint16ITPro,24ddec7e-b6a3-4a93-ad97-501d32d1a4c1,edit-existing-web-parts-in-sharepoint-server
SharePoint16ITPro,a6a42ac0-abad-44ce-98f3-508c531a29b2,overview-of-site-navigation-in-sharepoint-server
SharePoint16ITPro,33ed78c8-25fc-48ea-b0c1-50b540213cff,configure-usage-and-health-data-collection-in-sharepoint-server
SharePoint16ITPro,0926f63d-8dae-44c0-9e91-51209aa4c3ef,add-sharepoint-server-to-a-farm-in-sharepoint-server-2016
SharePoint16ITPro,b291ea58-cfda-48ec-92d7-5180cb7e9469,plan-connectivity-from-office-365-to-sharepoint-server
SharePoint16ITPro,68551945-009f-43c2-b38f-5248aaf6d540,mobile-device-browsers-supported-in-sharepoint-2013
SharePoint16ITPro,f26ad022-5c99-4a27-a093-52cc9ee71296,hybrid-for-sharepoint-server
SharePoint16ITPro,f8f81869-a51f-4d7f-b4b6-52dd99078c23,restore-site-collections-in-sharepoint-server
SharePoint16ITPro,f3855245-795f-4a77-bc70-5456511eaadd,understanding-result-sources-for-search-in-sharepoint-server
SharePoint16ITPro,f140e0ad-07e4-42f8-a198-54d800355698,the-machine-translation-service-is-not-running-when-it-should-be-running-sharepo
SharePoint16ITPro,8da53a30-27f2-4297-95c2-54eff999e863,sharepoint-server-2016-in-microsoft-azure
SharePoint16ITPro,2ea95490-00c0-4c67-b7e3-551d2fe032b9,restore-solutions-in-sharepoint-server
SharePoint16ITPro,2d8373ff-0808-40b7-8a21-5534720719f4,query-variables-in-sharepoint-server
SharePoint16ITPro,adbb853e-d8ef-48bb-9ca1-55612809c680,test-lab-guides-for-sharepoint-server-2013
SharePoint16ITPro,5fbe84ab-4ec4-4b8f-be25-559a1cdfc68e,plan-for-mobile-devices-in-sharepoint-2013
SharePoint16ITPro,8b35493f-45d2-428f-b17b-55d69ee11138,manage-anonymous-access-for-a-web-application-in-sharepoint-server
SharePoint16ITPro,d6a85e37-4a3c-4c89-913c-563bb9c8a013,overview-of-ediscovery-and-in-place-holds-in-sharepoint-server
SharePoint16ITPro,7924fe8b-986c-44eb-8dd3-5724acecd529,overview-of-themes-in-sharepoint-server
SharePoint16ITPro,3c0edb6f-3b77-48bc-a542-57626741f3ba,plan-for-cross-site-publishing-in-sharepoint-server
SharePoint16ITPro,4d7a8038-4b27-4bd8-a855-585db4e924a8,overview-of-the-upgrade-process-to-sharepoint-server-2016
SharePoint16ITPro,94d4fecf-3250-42aa-8230-5890790e24db,configure-the-onedrive-for-business-modern-user-experience
SharePoint16ITPro,055e27eb-3e02-4470-a037-5896bab44736,create-and-deploy-custom-entity-extractors-in-sharepoint-server
SharePoint16ITPro,4fcd074b-32b1-49b3-9910-5bb174894603,the-visio-graphics-service-has-a-minimum-cache-age-setting-that-may-cause-a-secu
SharePoint16ITPro,069bcdb5-f9bb-4346-8304-5be2f768e3dc,configure-sharepoint-server-2016
SharePoint16ITPro,9ed8159f-9501-4ef3-8c84-5d775a1e6223,manage-excel-services-trusted-file-locations-sharepoint-server-2013
SharePoint16ITPro,1b4765ef-3d28-4082-bb37-5d84e9996c44,overview-of-records-management-in-sharepoint-server-2013
SharePoint16ITPro,02f10b70-d634-41ae-914e-5de337c8b408,overview-of-business-connectivity-services-in-sharepoint-server
SharePoint16ITPro,d47575fa-bb85-4017-8db7-5e25f98ba171,upgrade-my-sites-to-sharepoint-server-2016
SharePoint16ITPro,acb2d589-6c19-4b6b-9cd1-5e334ba4f2cd,remove-a-server-from-a-farm-in-sharepoint-server-2016
SharePoint16ITPro,85ba39ff-5dd3-4a88-98c2-5ec9d6928d2e,yammer-networks-groups-and-users-overview
SharePoint16ITPro,4bf21275-1b38-4299-b80d-5f12e8b87a47,plan-for-hybrid-sites-features
SharePoint16ITPro,80521ae8-be93-4d1c-9956-5f4bed1ac4a7,dedicated-crawl-target-configuration-has-one-or-more-invalid-servers-sharepoint
SharePoint16ITPro,3661eafe-91da-4467-91f1-5fa47947e178,the-visio-graphics-service-has-a-maximum-web-drawing-size-setting-that-will-adve
SharePoint16ITPro,7fa9730a-2d11-4c78-b546-60179c5bb646,change-the-default-search-topology-in-sharepoint-server
SharePoint16ITPro,18aeede1-07b9-43ee-88ee-602a7a5acfa6,database-has-large-amounts-of-unused-space-sharepoint-server-2016
SharePoint16ITPro,5aeff319-0a8f-4d6b-86d5-6086611c48ed,services-upgrade-overview-for-sharepoint-server-2016
SharePoint16ITPro,8bfb96e6-f27e-41f0-8038-609e82098dd9,plan-the-logical-architecture-for-cross-site-publishing-in-sharepoint-server
SharePoint16ITPro,19d553a7-7001-4b07-a03d-616b865b05ae,default-crawled-file-name-extensions-and-parsed-file-types-in-sharepoint-server
SharePoint16ITPro,a8653e44-5bbc-4ca1-8e9a-61cc41349df1,software-boundaries-and-limits-for-sharepoint-2013
SharePoint16ITPro,4f5ab7db-276f-4de3-a991-62136ba8ca91,databases-exist-on-servers-running-sharepoint-foundation-sharepointserver-2016
SharePoint16ITPro,62d0b8d3-e8ea-4523-a69f-62623fb340fb,sharepoint-intranet-farm-in-azure-phase-5-create-the-availability-group-and-add
SharePoint16ITPro,6529a690-639d-47fc-9399-62813ae331ef,overview-of-performancepoint-analytic-charts-and-grids
SharePoint16ITPro,7fda5f6e-ffbc-40af-9e5d-62f055a9c9b0,intranet-sharepoint-server-2016-in-azure-dev-test-environment
SharePoint16ITPro,a9edfdaf-99da-4740-9e2a-631aded785ae,move-or-rename-service-application-databases-in-sharepoint-server
SharePoint16ITPro,5af9ee8b-39b8-489b-bcb9-64099618db51,what-s-deprecated-or-removed-from-sharepoint-server-2016
SharePoint16ITPro,94a8041c-f047-4f03-b973-65eb85f8e4fc,remove-app-for-sharepoint-instances-from-a-sharepoint-site
SharePoint16ITPro,ca092ed2-4aa2-4c2e-b273-661ca6a76e01,plan-incoming-email-for-a-sharepoint-server-2016-farm
SharePoint16ITPro,fe776cf2-17a4-4bb6-95ea-66288f243a93,overview-of-excel-services-in-sharepoint-server-2013
SharePoint16ITPro,d849b7df-b26d-45f6-a74f-6641f18788cf,restore-farm-configurations-in-sharepoint-server
SharePoint16ITPro,a2db324b-bcbe-40b4-8fa1-66f16cc89890,plan-web-content-management-in-sharepoint-server
SharePoint16ITPro,3b4c9519-b68c-4247-8b58-674537f0c5fe,prepare-your-environment-for-the-business-connectivity-services-hybrid-scenario
SharePoint16ITPro,f6c7b56e-f684-45d9-8752-67fff01c1728,overview-of-cross-site-publishing-in-sharepoint-server
SharePoint16ITPro,d9dac189-0736-448d-928c-68bf38603613,move-all-databases-in-sharepoint-server
SharePoint16ITPro,d59e6849-84af-4ad0-abed-68fae92574c6,fundamental-site-planning-in-sharepoint-server-2016
SharePoint16ITPro,d0db716b-1ee7-42c7-b8cf-694360b39d56,configure-versioning-for-co-authoring-in-sharepoint-2013
SharePoint16ITPro,0864e3e6-37bc-4b43-ae38-6a01f8728e8b,deploy-people-search-in-sharepoint-server
SharePoint16ITPro,3f7cf424-3340-4010-ad3b-6aef0cd74428,deploy-a-business-connectivity-services-hybrid-solution-in-sharepoint
SharePoint16ITPro,16fdd865-105f-47e6-8a3a-6b37092a463c,plan-navigation-term-sets-in-sharepoint-server
SharePoint16ITPro,1a20e357-a21f-4409-9a99-6b8263ab30c5,explore-sharepoint-server
SharePoint16ITPro,b6580f87-40b4-4768-b589-6ba54013f7e4,upgrade-databases-from-sharepoint-2013-to-sharepoint-server-2016
SharePoint16ITPro,356d3a0b-fc26-455c-9afb-6d2ffdceef84,install-sharepoint-server-2016-on-a-single-server-with-sql-server
SharePoint16ITPro,b67550f6-fc12-4734-950f-6e2f50ef0ca2,missing-server-side-dependencies-sharepoint-server-2016
SharePoint16ITPro,037fb582-6448-4baf-85d4-6e6221f21655,create-a-file-plan-to-manage-records-in-sharepoint-server-2013
SharePoint16ITPro,ac16bc32-f623-4658-8bc5-6e6b958629a4,drives-are-at-risk-of-running-out-of-free-space-sharepoint-server-2016
SharePoint16ITPro,4d88c402-24f2-449b-86a6-6e7afcfec0cd,hardware-and-software-requirements-for-sharepoint-server-2016
SharePoint16ITPro,53885793-4150-4212-af04-6ea2e6e066f7,outbound-e-mail-has-not-been-configured-sharepoint-server-2016
SharePoint16ITPro,45264de9-6859-45c1-9d6d-70035c471a2a,plan-for-variations-in-sharepoint-server
SharePoint16ITPro,9fc3a696-b2cb-435c-8199-7048953ec609,planning-for-a-minrole-server-deployment-in-sharepoint-server-2016
SharePoint16ITPro,28b06934-933b-4899-a7a6-707eb0516552,the-visio-graphics-service-has-a-maximum-cache-age-setting-that-will-adversely-i
SharePoint16ITPro,0a785758-694c-4c5c-abe6-70a17b490c6e,manage-service-applications-in-sharepoint-server
SharePoint16ITPro,e27a812e-9ddd-434f-a32c-70c74d4319f8,manage-farm-level-crawl-settings-in-sharepoint-server
SharePoint16ITPro,e1c3fe21-9110-4861-9fc9-715745c9197a,redesign-enterprise-search-topology-for-specific-performance-requirements-in-sha
SharePoint16ITPro,8f98a750-19bb-4ea0-9ff5-719b85febbb3,back-up-customizations-in-sharepoint-server
SharePoint16ITPro,8451dde9-bbd1-4285-bc24-71bd795fb912,plan-profile-synchronization-for-sharepoint-server-2013
SharePoint16ITPro,60913d6d-c069-4dfc-9399-71d5344da4e0,enable-tls-and-ssl-support-in-sharepoint-2013
SharePoint16ITPro,a7960bf4-d5be-4ad7-a430-724ef194ad39,configure-and-use-the-lotus-notes-connector-for-sharepoint-server
SharePoint16ITPro,386082ce-339d-4652-8323-72a78b092782,foo
SharePoint16ITPro,ee879d48-44a3-46e7-a631-736c4430ec94,overview-of-backup-and-recovery-in-sharepoint-server
SharePoint16ITPro,0b6e5490-ea92-4e6d-b2fe-743d06a4c3e6,manage-query-rules-in-sharepoint-server
SharePoint16ITPro,e8f2c08c-8e9f-40b4-b066-747d65dcb0e4,connect-to-service-applications-on-remote-farms-in-sharepoint-server
SharePoint16ITPro,6d980186-7f23-46e9-a2aa-750f1c24fc3d,manage-crawling-in-sharepoint-server
SharePoint16ITPro,7ebd1422-4f3d-44b9-8df6-75274c65b7e5,infopath-form-library-forms-cannot-be-filled-out-in-a-web-browser-sharepoint-ser
SharePoint16ITPro,b5f098eb-219a-4483-adee-75d7b6b3089a,validate-the-my-site-host-and-individual-my-sites-are-on-a-dedicated-web-applica
SharePoint16ITPro,f27522ca-6f78-4b97-b169-77066e965727,designing-a-sharepoint-server-2016-farm-in-azure
SharePoint16ITPro,550e4018-54a3-4e34-a647-7797b4244e80,manage-site-collection-upgrades-to-sharepoint-server-2016
SharePoint16ITPro,9d89800f-7ebb-4454-9e0a-779ba1737d04,use-visio-services-with-sharepoint-lists
SharePoint16ITPro,38147eec-d89a-478a-956a-779fe76c6679,restore-customizations-in-sharepoint-server
SharePoint16ITPro,57b7618a-2ca4-450d-aa8b-77bce21a9884,configure-site-mailboxes-in-sharepoint-server
SharePoint16ITPro,73ceb46e-d3aa-45bd-ac3e-77f58a9ab34d,configure-profile-synchronization-by-using-sharepoint-active-directory-import-in
SharePoint16ITPro,c8209ecc-59e4-4568-a7e6-782a6b0ab02f,configure-scheduled-data-refresh-for-power-pivot-by-using-secure-store-sharepoin
SharePoint16ITPro,c033a091-2c08-4d20-8d3f-783317d718fa,plan-for-onedrive-for-business-in-sharepoint-server
SharePoint16ITPro,6641730b-7099-47c0-938f-783ea8ef8e62,start-or-stop-a-service-in-sharepoint-server
SharePoint16ITPro,88317397-e0cb-47c7-9093-7872bc685213,configure-incoming-email-for-a-sharepoint-server-farm
SharePoint16ITPro,bbb62edb-def7-45dd-931c-78746c3d9fa5,the-building-blocks-of-sharepoint-hybrid
SharePoint16ITPro,2be5291e-b6cc-4730-bc58-78b14ea1984b,configure-excel-services-data-refresh-by-using-embedded-data-connections-in-shar
SharePoint16ITPro,8e7535ee-8a38-4878-aaf3-78b669f4aca8,custom-tiles-in-sharepoint-server-2016
SharePoint16ITPro,169ef750-0c8c-471d-b04e-79bf8b4d5ec7,sharepoint-server-2016-zero-downtime-patching-steps
SharePoint16ITPro,1609167e-e47a-41d6-b8fc-7a8d0ba8f7ce,system-requirements-for-sharepoint-2013
SharePoint16ITPro,d7173fc7-65cd-4201-8095-7ad805f50c95,deploy-the-business-connectivity-services-hybrid-scenario-as-an-external-list
SharePoint16ITPro,7acd8bf3-5bb5-4ae6-afa2-7af3c5cefa85,share-workbooks-by-using-excel-services-sharepoint-server-2013
SharePoint16ITPro,86e0fc90-0ef8-4c22-9d3b-7af42bf882f1,configure-sharepoint-hybrid-auditing-in-sharepoint-2016-preview
SharePoint16ITPro,f628e7df-ce37-4c33-aed3-7c6745d48a39,manage-the-search-center-in-sharepoint-server
SharePoint16ITPro,b23e4fb4-6ee1-451e-92b3-7c90be5dc7e7,timer-job-reference-for-sharepoint-server-2016
SharePoint16ITPro,4b32dfba-1af6-4077-9a92-7cec8f220f20,sharepoint-updates
SharePoint16ITPro,24292545-0844-4eb0-9e80-7d4c9985755d,drives-used-for-sql-databases-are-running-out-of-free-space-sharepoint-server-20
SharePoint16ITPro,cd646bb3-28c6-4040-866c-7d7936837ade,configure-object-cache-user-accounts-in-sharepoint-server
SharePoint16ITPro,766e0169-1a5d-4730-9c9f-7e2b27ba7d5d,configure-properties-of-the-search-box-web-part-in-sharepoint-server
SharePoint16ITPro,ad6a501d-5d8c-4b87-af69-7f655b8c3d1e,authentication-for-mobile-devices-in-sharepoint-2013
SharePoint16ITPro,81ea6763-c331-453b-80f7-8028c3e551f8,configure-hybrid-onedrive-for-businessroadmap
SharePoint16ITPro,eabe099e-5eea-4b33-8241-8079d9409095,manage-query-spelling-correction-in-sharepoint-server
SharePoint16ITPro,265ace67-3115-4987-ab2d-80c55e452d4b,extend-claims-based-web-applications-in-sharepoint
SharePoint16ITPro,af7cf3e7-94b1-4a5d-8cb9-80c5a0b397f2,deploying-sharepoint-server-2016-with-sql-server-alwayson-availability-groups-in
SharePoint16ITPro,2258fc12-68ad-4175-9735-812768a80093,configure-services-and-service-applications-in-sharepoint-server
SharePoint16ITPro,74b5c26f-a033-4d3a-a2ae-812ef043c3a7,manage-excel-services-trusted-data-providers-sharepoint-server-2013
SharePoint16ITPro,4bd426f4-105c-41cf-a4b8-815db62191ce,configure-hybrid-sites-featuresroadmap
SharePoint16ITPro,3e2db0df-d07c-4adc-98a1-81e3fd42a272,scale-enterprise-search-in-sharepoint-server
SharePoint16ITPro,4de4007d-a45f-419d-9512-824421e14380,plan-for-information-management-policy-in-sharepoint-server-2013
SharePoint16ITPro,ae626fda-efc1-4b99-9909-829346b04b6f,configure-performancepoint-services
SharePoint16ITPro,4c50e9d2-a1f9-45a5-8466-829e056a92d0,create-an-excel-services-dashboard-using-a-data-model-sharepoint-server-2013
SharePoint16ITPro,76c08191-13da-4cdc-beee-82c30033b7dc,configure-the-managed-metadata-service
SharePoint16ITPro,8fe00c69-317f-49c9-8669-832a5f85e42c,data-authentication-for-excel-services-in-sharepoint-server-2013
SharePoint16ITPro,7021185c-1f2b-44a6-ba4a-8355dd8409e1,share-a-sql-server-analysis-services-data-connection-using-excel-services-sharep
SharePoint16ITPro,9f0df411-ba75-4d04-9195-836129fe2282,share-service-applications-across-farms-in-sharepoint-server
SharePoint16ITPro,cf432f6e-cd0d-425f-b774-83d802ea84cd,configure-workflow-in-sharepoint-server-2016
SharePoint16ITPro,bcbae7bd-656b-4003-969c-8411b81fcd77,technical-diagrams-for-sharepoint-server
SharePoint16ITPro,00c33e26-dacb-47d4-97b8-84659095b108,description-of-minrole-and-associated-services-in-sharepoint-server-2016
SharePoint16ITPro,7a1835c3-6375-4647-b190-84676fc9f9b0,reset-the-search-index-in-sharepoint-server
SharePoint16ITPro,06ad416d-8830-4b1d-96e5-854eda879b60,use-visio-services-with-external-lists-in-sharepoint-server
SharePoint16ITPro,fb4e9a7d-1ad2-4a89-ad90-85d61b44f56d,the-security-token-service-is-not-available-sharepoint-server-2016
SharePoint16ITPro,240f8caa-afb3-44ce-90bb-861cfa258b09,restore-content-databases-in-sharepoint-server
SharePoint16ITPro,0889004d-6820-4282-a63c-863f4796ff85,add-content-databases-in-sharepoint-server
SharePoint16ITPro,de173e89-b6d8-4d9e-8516-865c2735bfff,update-workflow-in-sharepoint-server-2013
SharePoint16ITPro,cc73be76-a329-449f-90ab-86822b1c2ee8,getting-started-with-sharepoint-server-2013-workflow
SharePoint16ITPro,25970085-39e6-4b1f-83c7-8687a5f8e939,databases-used-by-sharepoint-have-outdated-index-statistics-sharepoint-server-20
SharePoint16ITPro,a5c66813-3523-40d1-99d8-86e8359b6c73,create-a-site-collection-in-sharepoint-server
SharePoint16ITPro,b35d9b02-2207-417c-bb90-870474b6f57c,flush-the-blob-cache-in-sharepoint-server
SharePoint16ITPro,a193cfdb-ac5e-45fa-bf83-87849e38ac27,back-up-apps-for-sharepoint-in-sharepoint-server
SharePoint16ITPro,4192cf8b-0f17-43ad-8e79-87acfc96e935,search-technical-reference-for-sharepoint-server
SharePoint16ITPro,86bb109d-865f-4f86-bb3d-87ecfc4e50ae,move-site-collections-between-databases-in-sharepoint-server
SharePoint16ITPro,f8efdfaf-8ef6-445c-9fb9-8845667e478b,application-management-and-governance-in-sharepoint
SharePoint16ITPro,5c3a4913-246a-4f1e-9257-88587a4272f2,overview-of-reporting-services-reports-displayed-in-performancepoint-web-parts
SharePoint16ITPro,78e2f208-e4b9-49cd-a036-89809fa24baf,upgrade-a-site-collection-to-sharepoint-server-2016
SharePoint16ITPro,101dd661-8843-4b98-bab7-89c14abe65b8,back-up-databases-to-snapshots-in-sharepoint-server
SharePoint16ITPro,c6284830-1127-472d-9610-8a0b9b0298aa,share-data-connections-by-using-excel-and-excel-services-sharepoint-server-2013
SharePoint16ITPro,f3c0fda5-7a36-4c5d-801f-8a3baccb6d6a,plan-document-sets-in-sharepoint-server-2013
SharePoint16ITPro,b81f80f1-182f-42eb-9546-8a621a4f069f,restrict-or-enable-access-to-a-service-application-in-sharepoint-server
SharePoint16ITPro,75401651-ef01-4348-878e-8a636f0b072d,plan-outgoing-email-for-a-sharepoint-server-2016-farm
SharePoint16ITPro,75096f60-b94e-44c2-bc84-8aa3e2c4fff3,disable-rbs-on-content-databases-in-sharepoint-server
SharePoint16ITPro,b62b6690-a1a6-4163-bdb5-8abae968c5c8,install-and-configure-workflow-for-sharepoint-server-2016
SharePoint16ITPro,1780ec27-19f8-4d77-b787-8abc23921258,configure-a-reverse-proxy-device-for-sharepoint-server-hybrid
SharePoint16ITPro,0ed3c559-86c1-40d0-8804-8adb7038492f,linguistic-search-features-in-sharepoint-server
SharePoint16ITPro,9c470892-d865-4796-ad45-8b050f29aead,one-or-more-servers-is-not-responding-sharepoint-server-2016
SharePoint16ITPro,d489421a-f6be-4ee4-8acf-8b79f917aa6b,administer-sites-and-site-collections-in-sharepoint-server
SharePoint16ITPro,cb6871cc-7fc5-4b54-9940-8c0ed51cb08f,plan-sites-and-site-collections-in-sharepoint-server
SharePoint16ITPro,44640e29-bd9c-4b6a-94e1-8d5d30e7fdd2,create-and-deploy-a-thesaurus-in-sharepoint-server
SharePoint16ITPro,feedf4f0-0e18-4592-983b-8d769830bcac,sharepoint-server-2016-hybrid-configuration-roadmaps
SharePoint16ITPro,2db321b3-1d59-4b3a-a242-8daabfde367c,configure-visio-services
SharePoint16ITPro,9f039270-d426-4e79-b608-8db792de74ed,configure-properties-of-the-refinement-web-part-in-sharepoint-server
SharePoint16ITPro,145fc383-d584-487a-8738-8de15512ae26,configure-workflow-in-sharepoint-server-2013
SharePoint16ITPro,1a11cbf3-ab19-4aa0-ae9c-8e4b793154a2,show-results-from-office-365-in-on-premises-sharepoint-with-cloud-hybrid-search
SharePoint16ITPro,6259e195-2b83-454f-b635-8f228c1fd1ac,enable-query-logging-in-sharepoint-server
SharePoint16ITPro,a3ad4dea-36b2-48df-b699-8fd9725df53c,overview-of-publishing-to-internet-intranet-and-extranet-sites-in-sharepoint-ser
SharePoint16ITPro,f21ef281-ac83-400f-8794-903edf80066d,overview-of-web-page-reports-in-dashboard-designer
SharePoint16ITPro,0bba350d-ec33-43db-a873-930559c78dee,configure-cloud-hybrid-searchroadmap
SharePoint16ITPro,79d47308-a90a-4c51-a1ae-93567e978236,backup-solutions-in-sharepoint-server
SharePoint16ITPro,e1196de0-1eb9-4c50-aeca-93e0eba7be0d,plan-the-secure-store-service-in-sharepoint-server
SharePoint16ITPro,23622f74-cc2c-4121-b22d-93e41af88b94,global-architectures-for-sharepoint-server-2016
SharePoint16ITPro,69f8553c-3df5-4366-ac6a-941e619a84cf,display-hybrid-federated-search-results-in-sharepoint-server
SharePoint16ITPro,f8dcfd5c-aaec-46cd-b25e-94e14bf98c7d,firewall-client-settings-on-the-cache-host-are-incorrect-sharepoint-server-2016
SharePoint16ITPro,3e7b12cf-e9bb-48be-9484-950ba70f466c,configure-proxy-server-settings-for-search-in-sharepoint-server
SharePoint16ITPro,63b9e454-f21e-4e0e-bc96-953c0a337c70,the-current-server-is-running-low-on-memory-sharepoint-server-2016
SharePoint16ITPro,78df8a76-0dbc-403b-b54d-9572fc918531,test-lab-guide-demonstrate-forms-based-claims-authentication-for-sharepoint-serv
SharePoint16ITPro,4982a861-ad5c-43e4-a49f-958afd4370aa,install-sharepoint-server-2016-across-multiple-servers
SharePoint16ITPro,4fdf96bd-813f-4499-b7d2-958b7bce002c,plan-for-site-maintenance-and-management-in-sharepoint-server
SharePoint16ITPro,c145579b-fc8b-4ab4-bc80-95c3202deae2,xliff-translations-for-the-machine-translation-service-is-disabled-sharepoint-se
SharePoint16ITPro,555e6de4-eece-440c-857b-9601c65df4fe,integrate-yammer-with-on-premises-sharepoint-2013-environments
SharePoint16ITPro,ea492d95-d2de-4db2-a848-96cb12dc9eaa,install-and-configure-sharepoint-server-hybrid
SharePoint16ITPro,274c4c7a-e635-4bc9-85b3-9737620f9909,configure-monitoring-in-sharepoint-server-2016
SharePoint16ITPro,1bb10de1-2b80-48b3-a9f7-9745cb725e6c,plan-variations-for-multilingual-cross-site-publishing-site-in-sharepoint-server
SharePoint16ITPro,6cd7e6d2-092d-47f0-aed0-97bf2c09369a,test-lab-guide-demonstrate-saml-based-claims-authentication-with-sharepoint-serv
SharePoint16ITPro,47603b59-cf37-4778-803d-97c4ebd9b452,plan-authoring-sites-for-cross-site-publishing-in-sharepoint-server
SharePoint16ITPro,7d2cbe64-5888-415e-81be-98b6921929de,disable-co-authoring-in-sharepoint-2013
SharePoint16ITPro,150f0179-b9d4-4823-b314-98b83a95d85e,secure-sockets-layer-ssl-and-transport-layer-security-tls-protocol-support-in-sh
SharePoint16ITPro,73f19541-9321-4abd-b014-98df79f84d2a,best-practices-for-crawling-in-sharepoint-server
SharePoint16ITPro,3e66d9df-442e-445f-bddc-99b446c2a4cb,plan-for-kerberos-authentication-in-sharepoint-server
SharePoint16ITPro,0ae2f59b-309e-4853-8ce7-99bc40de4c03,cache-settings-operations-in-sharepoint-server
SharePoint16ITPro,28a53440-2adc-4957-84bd-99ed97f0c430,manage-permissions-for-a-web-application-in-sharepoint-server
SharePoint16ITPro,2c727311-e83e-4f7b-b02c-9a0699a81e64,configure-sql-server-security-for-sharepoint-server-2016
SharePoint16ITPro,761ffca8-ae92-405e-b8c1-9aada2fcbd86,install-a-software-update-for-sharepoint-server-2016
SharePoint16ITPro,636d25e9-be42-4b66-a354-9b9af570f907,content-databases-contain-orphaned-items-sharepoint-server-2016
SharePoint16ITPro,95fa5eaf-8130-4dca-814c-9c51eafae0d4,plan-for-hybrid-onedrive-for-business
SharePoint16ITPro,cdaaf121-3fd3-4889-9020-9cf7606c8f6b,share-an-ole-db-or-odbc-connection-using-excel-services-sharepoint-server-2013
SharePoint16ITPro,b2b379b8-838c-4faa-b3ca-9d1eacd94b01,test-lab-guide-configure-intranet-and-team-sites-for-sharepoint-server-2013
SharePoint16ITPro,26f02074-af0b-4548-ab68-9d46dd05b8ff,maintain-user-profile-synchronization-settings-in-sharepoint-server-2013
SharePoint16ITPro,c0adc0b5-ea84-46ae-b2a1-9d8d05dbac03,install-workflow-manager-certificates-in-sharepoint-server-2013
SharePoint16ITPro,bd9db767-6b87-450d-a8e6-9dc684d59ae4,create-a-search-center-site-in-sharepoint-server
SharePoint16ITPro,486a1b2e-b1e3-4736-9d92-9dca61d57d56,new-features-in-november-2016-pu-for-sharepoint-server-2016-feature-pack-1
SharePoint16ITPro,0d326419-25c2-4591-acc6-9e487aa80c6e,the-infopath-forms-services-maintenance-timer-job-is-not-enabled-sharepoint-serv
SharePoint16ITPro,b607e000-9436-4cbb-b6aa-9e76d70a4314,plan-document-versioning-content-approval-and-check-out-controls-in-sharepoint-2
SharePoint16ITPro,85a1866e-2743-4f98-a1ac-9ea61905c6d4,permissions-planning-for-sites-and-content-in-sharepoint-server-2016
SharePoint16ITPro,0fb9616f-3877-4ba8-a7a7-9f00b6d896cb,configure-sharepoint-health-analyzer-timer-jobs-in-sharepoint-server-2016
SharePoint16ITPro,134ef0df-babc-42d9-b46e-9f1792a122fe,sharepoint-hybrid-auditing-preview
SharePoint16ITPro,95e12c80-7a86-4655-ba11-a05b9587fee0,configure-secure-store-for-use-with-performancepoint-services
SharePoint16ITPro,73e8ee39-0865-497a-b9e2-a0b0b46cde20,restore-apps-for-sharepoint-in-sharepoint-server
SharePoint16ITPro,3f8ea55b-e483-478c-8b35-a0ef4c6890f4,variations-overview-in-sharepoint-server
SharePoint16ITPro,20e1e0c3-7d5c-489c-a588-a11b30adffb9,the-visio-graphics-service-has-a-maximum-recalc-duration-setting-that-will-adver
SharePoint16ITPro,56187c25-0444-4da7-9879-a141da864704,service-application-and-service-management-in-sharepoint-server
SharePoint16ITPro,fa4625ab-9076-4506-aa7c-a19b6e45a847,change-the-default-account-for-crawling-in-sharepoint-server
SharePoint16ITPro,cccccea9-fda2-4640-ad91-a1d39bdcdfc8,sharepoint-health-analyzer-rules-reference-for-sharepoint-server-2016
SharePoint16ITPro,bf94ede1-79cc-4016-99f3-a1eef244fdf3,configure-an-environment-for-apps-for-sharepoint-server
SharePoint16ITPro,432973c1-21c1-4fdc-87e6-a2252596937a,configure-the-crawler-in-case-of-ssl-certificate-warnings-in-sharepoint-server
SharePoint16ITPro,5eccfa5b-05ec-46b6-935c-a2d8487965da,configure-automatic-password-change-in-sharepoint-server
SharePoint16ITPro,411e0fa7-2a27-4883-93ac-a2fd228e40d8,configure-the-unattended-service-account-for-performancepoint-services
SharePoint16ITPro,c5d39627-dfa6-4122-8571-a38bdd3ab4d9,manage-the-lock-status-for-site-collections-in-sharepoint-server
SharePoint16ITPro,d0e68cf4-80f6-4f1f-af49-a3b9c43408ac,configure-properties-of-the-search-results-web-part-in-sharepoint-server
SharePoint16ITPro,3a080c72-df1f-43a2-8aee-a3ffd0c43ad2,plan-trusted-file-locations-in-sharepoint-server-2013
SharePoint16ITPro,aa637ca9-d27b-463c-8691-a457e0988bf8,prepare-for-installation-of-sharepoint-server-2016
SharePoint16ITPro,25d888b2-035a-40b4-a2b9-a496657a36e3,create-a-user-profile-service-applications-in-sharepoint-server
SharePoint16ITPro,ccd99adc-b00a-4a0b-8609-a51ebe19c982,enable-previews-of-on-premises-search-results-in-cloud-hybrid-search
SharePoint16ITPro,ec012300-2ebe-48f0-b110-a5bc9166e353,overview-of-business-connectivity-services-security-tasks-in-sharepoint-server
SharePoint16ITPro,d454aed4-4e26-4ef1-9f72-a605af6ed2cd,video-demo-of-zero-downtime-patching-in-sharepoint-server-2016
SharePoint16ITPro,7269169c-6aa2-46b0-b99f-a6cfbcd08c78,video-how-to-enable-remote-windows-powershell-to-use-with-sharepoint-server
SharePoint16ITPro,3cfb2148-9d1a-4022-a55a-a6d2963bef0e,add-edit-or-delete-custom-properties-in-sharepoint-server-user-profiles
SharePoint16ITPro,26c07867-0150-463d-b21a-a6d42aecf05a,install-or-uninstall-language-packs-for-sharepoint-server-2016
SharePoint16ITPro,6d871772-b90b-4e48-9122-a6d9a1122b8d,plan-visio-services-security-in-sharepoint-server
SharePoint16ITPro,5c9d5c10-a7a8-43d1-ac36-a6f50f2d0cd1,plan-email-integration-for-a-sharepoint-server-2016-farm
SharePoint16ITPro,020f3595-b1bb-4def-9614-a7819b84b936,upgrade-site-collections-to-sharepoint-server-2016
SharePoint16ITPro,6ab8a28b-fa2f-4530-8b55-a7f663bf15ea,understanding-workflow-in-sharepoint-server-2016
SharePoint16ITPro,e1fb66ca-d0ee-4935-b8dc-a87abf98e216,manage-excel-services-data-model-settings-sharepoint-server-2013
SharePoint16ITPro,f37b3b61-2b26-4635-a04a-a8a744e8c3ef,video-series-install-and-configure-workflow-in-sharepoint-server-2013
SharePoint16ITPro,c16d9881-f356-45ba-b928-a8f6858840a6,test-lab-guide-demonstrate-profile-synchronization-for-sharepoint-server-2013
SharePoint16ITPro,8de5bc7f-026c-4685-a6f6-a8fd814c2b70,infopath-forms-services-forms-cannot-be-filled-out-in-a-web-browser-because-no-s
SharePoint16ITPro,53598509-9821-4c0b-9ab4-a9e594ac8fec,configure-scheduled-data-refresh-for-power-pivot-by-using-a-specified-account-sh
SharePoint16ITPro,b95b4ecc-f31b-4bbc-9b3d-a9f111dac8a1,configure-web-application-proxy-for-a-hybrid-environment
SharePoint16ITPro,5ed9fe7c-48c5-4511-aab4-aa58a440954d,built-in-accounts-are-used-as-application-pool-or-service-identities-sharepoint
SharePoint16ITPro,37277bfe-4e25-4050-9f99-aac16b47d079,view-all-site-collections-in-sharepoint-server
SharePoint16ITPro,ae1e3447-46e2-45f9-852a-ab39f23345d4,view-diagnostic-logs-in-sharepoint-server
SharePoint16ITPro,4fceb168-753a-4227-8a23-ab415f9abce7,assign-or-remove-administrators-of-service-applications-in-sharepoint-server
SharePoint16ITPro,f3fae102-5b20-4c9f-9707-ab76c68be937,plan-ways-to-convert-active-documents-to-records-in-sharepoint-server-2013
SharePoint16ITPro,d8635abe-1b1b-42db-95ff-ab9341d957e2,plan-digital-asset-libraries-in-sharepoint-server-2013
SharePoint16ITPro,31b74292-9333-455d-8c52-aba97bbfc0e6,overview-of-analytics-processing-in-sharepoint-server
SharePoint16ITPro,29c0bc76-d835-401b-a2fb-abb069e84125,configure-the-secure-store-service-in-sharepoint-server
SharePoint16ITPro,70e043ef-8908-436e-92bf-abbcd89874f7,set-up-sharepoint-services-for-hybrid-environments
SharePoint16ITPro,f436a248-984f-40bd-bbe2-ac4dd1e1f961,manage-databases-in-sharepoint-server
SharePoint16ITPro,c12cdce4-1a73-4602-96ff-ac50da27f614,overview-of-search-architecture-in-sharepoint-server
SharePoint16ITPro,3a25437a-e994-42c7-b4df-ac9fa29f38f5,configure-backup-and-restore-permissions-in-sharepoint-server
SharePoint16ITPro,6c4a140e-aac4-43ca-a8e9-ad181beb7073,technical-reference-for-sharepoint-server
SharePoint16ITPro,a6d383c0-3817-4acd-afa9-ad7a9b7e6b5a,back-up-farm-configurations-in-sharepoint-server
SharePoint16ITPro,7d88430f-2f0f-4c83-863b-ad840bdbf696,add-or-remove-a-file-type-from-the-search-index-in-sharepoint-server
SharePoint16ITPro,55b99d80-3fa7-49f0-bdf4-adb5aa959019,account-permissions-and-security-settings-in-sharepoint-server-2016
SharePoint16ITPro,371181ec-d27c-4899-9d3c-ae0ffefa1cc0,manage-excel-services-user-defined-function-assemblies-sharepoint-server-2013
SharePoint16ITPro,3e9dcd50-53e6-4471-a969-aeb4d079dfa3,restore-service-applications-in-sharepoint-server
SharePoint16ITPro,f6663d4b-30e5-48d6-9bbc-aed8db1aae24,overview-of-my-sites-in-sharepoint-server
SharePoint16ITPro,e09599f5-f900-48b3-9680-af1f1de3f65a,plan-browser-support-in-sharepoint-2013
SharePoint16ITPro,590a94c3-11f2-41b9-962d-b10d3e1f328e,overview-of-mobile-devices-and-sharepoint-server-2013
SharePoint16ITPro,fee4c4d8-a7f2-4392-99ce-b122e918c081,microsoft-identity-manager-in-sharepoint-server-2016
SharePoint16ITPro,086fd0f5-8580-414f-a088-b1238ad02014,verify-each-user-profile-service-application-has-an-associated-search-service-co
SharePoint16ITPro,478be4b7-1480-4f97-87c5-b18cd2436bce,configure-cache-settings-for-a-web-application-in-sharepoint-server
SharePoint16ITPro,0f95a1e6-7044-487e-8681-b1d717caabb3,define-managed-paths-in-sharepoint-server
SharePoint16ITPro,4edf74cf-8808-4277-ba10-b1f925d7c440,plan-for-my-sites-in-sharepoint-server
SharePoint16ITPro,3fca2556-ebca-4395-8f66-b3a645c05878,plan-for-custom-claims-providers-for-people-picker-in-sharepoint-2013
SharePoint16ITPro,9aafbcc8-c1f0-4037-a249-b465d301bd43,plan-for-high-availability-and-disaster-recovery-for-sharepoint-server
SharePoint16ITPro,f91de311-e531-4a15-bcc4-b4af01774e0b,one-or-more-services-have-started-or-stopped-unexpectedly-sharepoint-server-2016
SharePoint16ITPro,c5c6fd31-d747-49c0-9784-b4f29bd82809,view-data-in-the-logging-database-in-sharepoint-server-2016
SharePoint16ITPro,6bf64b3d-edf0-4d2a-a1f5-b53318a24a1a,configure-authoritative-pages-in-sharepoint-server
SharePoint16ITPro,0fe9d4a1-faf9-4941-a45a-b54f47a5dea5,mobile-security-and-authentication-in-sharepoint-2013
SharePoint16ITPro,9d2d8945-5a6f-45dc-91bd-b588720ba745,web-applications-using-claims-authentication-require-an-update-sharepoint-server
SharePoint16ITPro,f3ccc8bd-922e-49f6-9929-b5b8a6982d76,configure-outgoing-email-for-a-sharepoint-server-farm
SharePoint16ITPro,e6600dfa-7f96-4c6f-a1be-b7ad348ac30f,configure-my-sites-in-sharepoint-server
SharePoint16ITPro,e91d6339-549c-4620-a559-b7c3c7ecba5d,administer-business-intelligence-in-sharepoint-server
SharePoint16ITPro,c78266d8-33de-4edc-94ea-b8110ac8db81,one-or-more-categories-are-configured-with-verbose-trace-logging-sharepoint-serv
SharePoint16ITPro,9061f245-7b75-4211-af5f-b87ec09b5c82,restore-user-profile-service-applications-in-sharepoint-server
SharePoint16ITPro,48d39f84-9698-4249-b7e0-b885c462622e,delete-items-from-the-search-index-or-from-search-results-in-sharepoint-server
SharePoint16ITPro,e283aaec-e962-46b4-92e4-b8a825521641,overview-of-profile-synchronization-in-sharepoint-server-2016
SharePoint16ITPro,684173bb-e90a-4eb7-b268-b8d7458bc802,updated-product-servicing-policy-for-sharepoint-2013
SharePoint16ITPro,53038195-cb59-4779-9bdb-ba0b1cad6f07,schedule-profile-synchronization-in-sharepoint-server
SharePoint16ITPro,faab1eb4-5848-4970-b13f-ba6df14272fe,configure-diagnostic-logging-in-sharepoint-server
SharePoint16ITPro,4e26b32c-f5f8-40b7-a240-bad147c33402,manage-excel-services-trusted-data-connection-libraries-sharepoint-server-2013
SharePoint16ITPro,a19e8cb8-4b41-492b-b33c-bc490f911f1d,secure-store-for-business-intelligence-service-applications
SharePoint16ITPro,46e0f7e7-cd69-41a5-9988-bd0e7db564d9,publish-service-applications-in-sharepoint-server
SharePoint16ITPro,621619c8-105a-4056-917e-bd771d113a95,overview-of-performancepoint-kpi-details-reports
SharePoint16ITPro,c2f1d2a8-dc6a-471c-b373-be420b460306,web-config-files-are-not-identical-on-all-machines-in-the-farm-sharepoint-server
SharePoint16ITPro,2ddb9cfe-38fc-477c-88d1-beb190e36ab0,automatic-update-setting-inconsistent-across-farm-servers-sharepoint-server-2016
SharePoint16ITPro,6de4e8e0-5d27-4b1b-a87f-bebd8b9d6e77,upgrade-service-applications-to-sharepoint-server-2016
SharePoint16ITPro,bfa2f924-f411-4b13-8c24-bf251d7e4c91,attach-or-detach-content-databases-in-sharepoint-server
SharePoint16ITPro,6d8a9d37-d400-4d7c-b4f1-bf3c5643c98c,exchange-trust-certificates-between-farms-in-sharepoint-server
SharePoint16ITPro,0f33d9cc-7b26-4418-b901-bf773abaf574,access-services-in-sharepoint-server-2016-knowledge-articles
SharePoint16ITPro,354706a8-a7f0-4e83-b2b0-bfccd1753c2e,configure-email-integration-for-a-sharepoint-server-farm
SharePoint16ITPro,39f9eaa2-867e-47b9-b7ea-bff74f9f8c6a,operations-for-sharepoint-server
SharePoint16ITPro,e580fcae-b768-4b81-afda-c037fbd7bd6d,plan-for-managed-metadata-in-sharepoint-server
SharePoint16ITPro,c3802be8-9c57-4b25-9666-c07b485aabf0,use-analysis-services-effectiveusername-in-sharepoint-server
SharePoint16ITPro,a2609bd3-928a-479a-9c8d-c0a751d76fcf,monitor-cache-performance-in-sharepoint-server-2016
SharePoint16ITPro,5dee7e15-3b81-40c5-978e-c10357bb7a3d,use-secure-store-with-sql-server-authentication
SharePoint16ITPro,bf9068c7-9187-49bb-9946-c298389bf4b0,performancepoint-services-application-settings
SharePoint16ITPro,405d8d1a-2952-4f51-9527-c2c305b76a29,configure-hybrid-business-connectivity-servicesroadmap
SharePoint16ITPro,77722a66-8340-4ae3-ad15-c3610f398da0,manage-rbs-in-sharepoint-server
SharePoint16ITPro,1350e659-04ba-423e-a1b3-c41563073473,plan-for-ediscovery-in-sharepoint-server
SharePoint16ITPro,18fedf59-f293-4c15-953e-c42ec66fa13f,configure-sql-server-alwayson-availability-groups-for-sharepoint-server-2016
SharePoint16ITPro,aecba264-abdb-4515-8b4f-c451cc0c0107,test-lab-guide-demonstrate-social-features-for-sharepoint-server-2013
SharePoint16ITPro,d0a50e40-5322-4f7a-a3a4-c4660c879666,upgrade-content-databases-to-sharepoint-server-2016
SharePoint16ITPro,f255d39a-8231-42e7-957d-c4855b9ab529,configure-business-connectivity-services-solutions-for-sharepoint-server
SharePoint16ITPro,809fe3d9-6121-4e2e-8556-c48a39756365,overview-of-document-management-in-sharepoint-2013
SharePoint16ITPro,a88d3f72-7ac3-4f08-b302-c4ca0a796268,hardware-and-software-requirements-for-sharepoint-2013
SharePoint16ITPro,723dba65-4887-4ef2-9971-c51c8669cbac,choose-a-disaster-recovery-strategy-for-sharepoint-server
SharePoint16ITPro,cdd1d3d6-034e-458f-9324-c51d90fa9273,business-intelligence-capabilities-in-excel-service-sharepoint-server-2013
SharePoint16ITPro,63f233ef-8a72-449e-8211-c66fea977b6e,verify-each-user-profile-service-application-has-an-associated-managed-metadata
SharePoint16ITPro,6a13cd9f-4b44-40d6-85aa-c70a8e5c34fe,software-boundaries-and-limits-for-sharepoint-server-2016
SharePoint16ITPro,0ffd36db-3f34-4f9f-b3fe-c8bea09a9d8f,searchone-or-more-crawl-databases-may-have-fragmented-indices-sharepoint-server
SharePoint16ITPro,e8c0fccd-8364-4352-8778-c9c46a668b70,plan-search-in-sharepoint-server
SharePoint16ITPro,ea1134be-89a1-49ca-9c3b-ca8bc70a3242,view-reports-and-logs-in-sharepoint-server-2016
SharePoint16ITPro,3ede6cef-193d-4c25-8d41-cacabab95ac9,install-prerequisites-for-sharepoint-server-from-a-network-share
SharePoint16ITPro,46aecccb-6196-48b4-a889-cbd408354d56,configure-forefront-tmg-for-a-hybrid-environment
SharePoint16ITPro,6cdcb2e3-8a77-4219-ba08-cc1d0ae8944f,start-profile-synchronization-manually-in-sharepoint-server
SharePoint16ITPro,6951d670-e2a8-4a7e-b3ea-ccc9c00a0ffc,plan-server-to-server-authentication
SharePoint16ITPro,60a1110d-27dc-45d0-86e2-cddc72d072b2,plan-to-transform-queries-and-order-results-in-sharepoint-server
SharePoint16ITPro,8386d324-816a-42ee-aff2-ce135ca2f241,all-state-service-databases-are-paused-for-a-state-service-application-sharepoin
SharePoint16ITPro,c8a62094-b951-47d5-b048-ce6bc5b518be,one-of-the-cache-hosts-in-the-cluster-is-down-sharepoint-server-2016
SharePoint16ITPro,90d8dee0-5c31-4c9b-93d5-cf09cb2320aa,overview-of-performancepoint-reports-and-scorecards
SharePoint16ITPro,091165d1-76c4-4c15-ae75-cf338b573b13,deactivated-controls-in-sharepoint-designer-2013
SharePoint16ITPro,9983054b-ed90-491a-ac1d-cf95204f0931,expired-sessions-are-not-being-deleted-from-the-asp-net-session-state-database-s
SharePoint16ITPro,559dddb1-95c9-4242-99ca-cf9cf1cbd0c3,enable-tls-1-1-and-tls-1-2-support-in-sharepoint-server-2016
SharePoint16ITPro,94a0dfe4-66e8-4503-9cc6-cfb438f4fbc8,supported-high-availability-and-disaster-recovery-options-for-sharepoint-databas
SharePoint16ITPro,cb57d4f7-8353-420b-8a10-d05c9bdf1b56,plan-document-management-in-sharepoint-2013
SharePoint16ITPro,918a570e-ce86-4ff7-857f-d08dbb35d08d,data-authentication-for-visio-services-in-sharepoint-server
SharePoint16ITPro,52966fa3-1654-41b2-aea5-d1d5d007534e,disaster-recovery-best-practices-for-sharepoint-server-and-access-services
SharePoint16ITPro,4de99997-edda-4414-85f2-d210ea717d1a,plan-for-internet-intranet-and-extranet-publishing-sites-in-sharepoint-server
SharePoint16ITPro,d7d2dff9-c7a9-402b-958a-d233cbacab8f,backup-and-restore-best-practices-in-sharepoint-server
SharePoint16ITPro,a3b78815-c1a0-47e0-97a3-d255f9efc96d,overview-of-sql-server-in-a-sharepoint-server-2016-environment
SharePoint16ITPro,e0ad657d-f5d1-4cae-bb0d-d2b619eed261,back-up-web-applications-in-sharepoint-server
SharePoint16ITPro,4cf30b48-f908-4774-920c-d2f2916f2c1b,install-and-configure-rbs-with-filestream-in-a-sharepoint-server-farm
SharePoint16ITPro,5f80cdb8-d6d1-45f0-9710-d30544fcb3e6,sharepoint-intranet-farm-in-azure-phase-2-configure-domain-controllers
SharePoint16ITPro,9cf64bff-f52b-46c9-bf25-d38d6b15e25d,business-connectivity-service
SharePoint16ITPro,9188225f-8281-4b4a-8414-d39ffac9d371,share-a-sql-server-data-connection-using-excel-services-sharepoint-server-2013
SharePoint16ITPro,0d32d946-52d0-4913-bfdb-d3c1193cfc4a,add-yammer-to-the-navigation-bar-for-sharepoint-2013
SharePoint16ITPro,b3d2f46d-783c-4f81-9c0a-d41a3486917e,change-site-collection-administrators-in-sharepoint-server
SharePoint16ITPro,a590d614-7488-4b03-8c8f-d45dd48ca726,overview-of-minrole-server-roles-in-sharepoint-server-2016
SharePoint16ITPro,99684f0b-f617-4c10-8420-d4d0adea3687,create-the-sharepoint-server-2016-farm-for-a-database-attach-upgrade
SharePoint16ITPro,7942ef65-c309-402d-b4bb-d54e686fc5d9,restore-farms-in-sharepoint-server
SharePoint16ITPro,0bcc4cd8-68cf-45b5-a880-d56fdaabe284,performancepoint-services-in-sharepoint-server-2016-overview
SharePoint16ITPro,a29d4cc4-7944-4c3e-94ea-d681f432f07b,plan-for-app-authentication-in-sharepoint-server
SharePoint16ITPro,47db8aed-7e2b-4ccb-b248-d71df3bffa99,install-sharepoint-server-2016
SharePoint16ITPro,93327a06-ed2c-43f2-a40a-d7257f61f915,copy-databases-to-the-new-farm-for-upgrade-to-sharepoint-server-2016
SharePoint16ITPro,70d6f3af-2ad4-497d-a449-d75bacfd8aea,the-application-discovery-and-load-balancer-service-is-not-running-in-this-farm
SharePoint16ITPro,0810018d-188b-4d42-b908-d794faeacd0a,configure-and-deploy-web-parts-in-sharepoint-server
SharePoint16ITPro,9cd888dc-9104-422e-8d8a-d795f0b1c0d0,configure-server-to-server-authentication-from-sharepoint-server-to-sharepoint-o
SharePoint16ITPro,7c75dc80-6910-4c10-a9a0-d821bedd602d,it-governance-in-sharepoint
SharePoint16ITPro,043481c0-f467-44ed-9772-d822eb314a81,databases-used-by-sharepoint-have-fragmented-indices-sharepoint-server-2016
SharePoint16ITPro,eddba98c-dec8-4fc8-823d-d908bdf0bc83,configure-office-365-for-sharepoint-hybrid
SharePoint16ITPro,d7abd498-7bc4-44fe-a086-d9b1c5a340d2,plan-document-libraries-in-sharepoint-2013
SharePoint16ITPro,04d1607a-21a9-4b77-929a-d9d7ffad51f8,convert-forefront-identity-manager-fim-xml-files-to-microsoft-identity-managemen
SharePoint16ITPro,17d06bdf-69e1-4a85-86f9-da78a3c79952,the-state-service-delete-expired-sessions-timer-job-is-not-enabled-sharepoint-se
SharePoint16ITPro,2689bb6a-fd05-4273-87eb-daac5b2722f3,verify-each-user-profile-service-application-has-a-my-site-host-configured-share
SharePoint16ITPro,f1bb8664-85dd-49bc-b162-daebf657377e,manage-continuous-crawls-in-sharepoint-server
SharePoint16ITPro,f484f5f2-35bb-4d70-bf56-dd1c4c287c72,deploy-software-updates-for-sharepoint-server-2016
SharePoint16ITPro,6824b3bf-9046-4d43-b266-de463d0007e5,software-requirements-for-business-intelligence-in-sharepoint-server
SharePoint16ITPro,1ad49d4e-598d-446c-aabd-de4a8f6ad391,web-applications-management-in-sharepoint-server
SharePoint16ITPro,ff6c5b8c-59bd-4079-8f0b-de4f8b4e0a86,plan-browser-support-in-sharepoint-server-2016
SharePoint16ITPro,5cdce2aa-fa6e-4888-a34f-de61713f5096,configure-ediscovery-in-sharepoint-server
SharePoint16ITPro,8b91dc0a-c37d-4ec8-aa75-deb3f268fb97,run-a-farm-that-uses-read-only-databases-in-sharepoint-server
SharePoint16ITPro,4cbe141a-095f-4c09-82f4-dec8af16c590,software-updates-overview-for-sharepoint-server-2016
SharePoint16ITPro,0d74b6bb-0355-4d18-b5fb-def0aca566d9,manage-excel-services-global-settings-sharepoint-server-2013
SharePoint16ITPro,8fa6b865-c11a-4bc3-b3da-df492ffadf38,plan-for-sharepoint-hybrid-picker
SharePoint16ITPro,d14f09d4-6540-42dc-b6ff-df6487705fa7,plan-ediscovery-in-sharepoint-server
SharePoint16ITPro,ebf72243-3d0c-43e4-8538-df8e4f4b9c5c,social-scenarios-with-yammer-and-sharepoint-server-2013
SharePoint16ITPro,f1dfdac2-81ad-452f-b5b6-df9e5a8e976e,configure-hybrid-onedrive-for-business
SharePoint16ITPro,5978d831-4070-4b03-a81c-dfce3b7d594e,configure-time-out-values-for-crawler-connections-in-sharepoint-server
SharePoint16ITPro,3adafdd2-f276-4a9d-8a74-e06b8916bbc2,monitor-apps-for-sharepoint-for-sharepoint-server
SharePoint16ITPro,9ccce076-f47b-44b8-9ec3-e0dcd46e9985,application-pools-recycle-when-memory-limits-are-exceeded-sharepoint-server-2016
SharePoint16ITPro,f6accc60-23b8-4242-b12d-e118270251cf,overview-of-co-authoring-in-sharepoint-2013
SharePoint16ITPro,982d3ab2-d1a6-4625-b4c6-e12a1f4532d5,people-search-relevance-is-not-optimized-when-the-active-directory-has-errors-in
SharePoint16ITPro,3ee1591b-6908-499f-9a39-e19bcfbec8a4,overview-of-site-policies-in-sharepoint-server
SharePoint16ITPro,4905c929-464a-4051-a32f-e1d2b3f3be8a,$$sharepoint16itpro
SharePoint16ITPro,79428586-0a1c-4fd8-ae49-e1e76eb022e1,configure-properties-of-the-search-navigation-web-part-in-sharepoint-server
SharePoint16ITPro,7f65b235-8e0d-48d8-acca-e2e0295e6522,alternate-access-urls-have-not-been-configured-sharepoint-server-2016
SharePoint16ITPro,f0565d7f-3efd-46c5-9a73-e307bc2df669,set-up-search-of-onedrive-for-business-in-office-365-from-sharepoint-server
SharePoint16ITPro,58a2b307-de20-4fa8-868c-e33abc9b7901,services-and-application-planning-in-sharepoint-server-2016
SharePoint16ITPro,be4e1054-ada6-4eea-a92d-e35d1da61eb9,configure-availability-and-recovery-solutions-for-sharepoint-server-2016
SharePoint16ITPro,71abd06e-6730-442e-b2c1-e3ba9c04d497,backup-and-restore-in-sharepoint-server
SharePoint16ITPro,fae8ce7b-7c93-4cce-8a44-e3cf2f9f7b71,business-intelligence-in-sharepoint-server-overview
SharePoint16ITPro,45b39899-1686-43e5-9073-e51d2979ba9b,this-distributed-cache-host-may-cause-cache-reliability-problems-sharepoint-serv
SharePoint16ITPro,89377b22-b1de-4f11-9a16-e54783c046fc,productpatch-installation-or-server-upgrade-required-sharepoint-server-2016
SharePoint16ITPro,79240081-1495-4db7-b0c5-e5e4d4e59c37,plan-user-profiles-and-identities
SharePoint16ITPro,6e743c5b-b70c-4e86-ae31-e5ffcc0c099a,distributed-cache-service-is-not-enabled-in-this-deployment-sharepoint-server-20
SharePoint16ITPro,237d399e-b50b-42e6-90ff-e659a94d8099,restore-secure-store-service-applications-in-sharepoint-server
SharePoint16ITPro,c75f3390-283f-4380-b740-e672ea8b933d,default-connectors-in-sharepoint-server
SharePoint16ITPro,58901f1a-dbc9-46ca-8b51-e683ea5f2ce3,integrate-a-single-yammer-network-into-sharepoint-server-2013
SharePoint16ITPro,144baa85-cbd8-45d6-9141-e6e688cac210,create-an-excel-services-dashboard-using-sql-server-analysis-services-data
SharePoint16ITPro,bdb3b575-7c20-490d-9a28-e7108edabad5,cached-objects-have-been-evicted-sharepoint-server-2016
SharePoint16ITPro,23829b00-db4c-4400-b236-e86ea60fa193,server-role-configuration-isn-t-correct-sharepoint-server-2016
SharePoint16ITPro,7705a9ef-cc59-4b08-990c-e88014b4ac03,plan-visio-services-deployment-in-sharepoint-server
SharePoint16ITPro,4692ebba-90eb-4d72-ac12-e90c4d4ee7ae,deploy-a-business-connectivity-services-on-premises-solution-in-sharepoint-serve
SharePoint16ITPro,eb5d2d46-8bf6-43d7-add0-e9d61290a4d0,the-settings-for-the-machine-translation-service-are-not-within-the-recommended
SharePoint16ITPro,47a18181-cf59-4b7b-9b00-eae7cb11f5e9,databases-require-upgrade-or-not-supported-sharepoint-server-2016
SharePoint16ITPro,9528dfeb-3f44-4c76-8d07-eb916e04b674,plan-for-mobile-views-in-sharepoint-server-2013
SharePoint16ITPro,91274b73-f7be-4066-a4ab-ec30af30016e,configure-connectivity-from-office-365-to-sharepoint-server
SharePoint16ITPro,c20ca79f-2086-4a32-974a-ed2a720d57fe,overview-of-profile-synchronization-in-sharepoint-server-2013
SharePoint16ITPro,dca8b241-85f9-486c-97eb-ed9ef23622b8,configure-the-maximum-number-of-co-authoring-authors-in-sharepoint-2013
SharePoint16ITPro,43e52f2f-2586-451d-814d-edf43f3459ab,hardware-and-software-requirements-for-sharepoint-hybrid
SharePoint16ITPro,5417b04a-c7d9-4e9a-86fb-ee1d1c63508b,attach-and-restore-read-only-content-databases-in-sharepoint-server
SharePoint16ITPro,8daa31a5-0f8c-4bd6-84c9-ee1f5074594d,back-up-farms-in-sharepoint-server
SharePoint16ITPro,3a832d60-f14f-4663-93bd-f006e6148c02,using-administrative-actions-logging-in-sharepoint-server-2016
SharePoint16ITPro,3e3b8737-c6a3-4e2c-a35f-f0095d952b78,sharepoint-server-2016
SharePoint16ITPro,445bce79-f6d6-4ab6-9d50-f0672cd093f4,configure-hybrid-federated-search-from-sharepoint-server-to-sharepoint-onlineroa
SharePoint16ITPro,4d94f491-4f01-4ab8-8c4b-f086c2ccfb89,manage-user-profile-synchronization-in-sharepoint-server
SharePoint16ITPro,cba65279-cba5-46cb-aea1-f095365ed83a,manage-permission-policies-for-a-web-application-in-sharepoint-server
SharePoint16ITPro,06765032-fedb-4b73-a019-f096b48cd2a8,initial-deployment-administrative-and-service-accounts-in-sharepoint-server
SharePoint16ITPro,ff364add-e18d-4d1c-824f-f0ea549fe904,plan-for-business-connectivity-services-in-sharepoint-server
SharePoint16ITPro,3e61c238-cc09-4369-b8d3-f1150c1ae89b,plan-user-profiles-in-sharepoint-server
SharePoint16ITPro,fd6a6c07-1979-4254-873c-f146fb630de5,plan-for-caching-and-performance-in-sharepoint-server
SharePoint16ITPro,bf8717c2-463d-4e8d-acaf-f186b5907df1,people-picker-and-claims-providers-overview-sharepoint-2013
SharePoint16ITPro,1d93093a-4da3-40c0-b0fd-f2567a32d2e9,use-performancepoint-services-with-secure-store-service-in-sharepoint-server
SharePoint16ITPro,651dba4d-8751-4bd8-9492-f2842b2e1177,scale-search-for-internet-sites-in-sharepoint-server
SharePoint16ITPro,a61b531f-218e-4edf-ab90-f2f30f490900,configure-enterprise-search-in-sharepoint-server-2016
SharePoint16ITPro,76e31e76-afb3-4f2f-b3cb-f3b42886fb6e,manage-search-relevance-in-sharepoint-server
SharePoint16ITPro,f7b617fc-cc45-41bf-bb71-f3d49ed4a59c,plan-self-service-site-creation-in-sharepoint-server
SharePoint16ITPro,6ed5b73c-6403-46ea-9d56-f42d972e7748,drives-are-running-out-of-free-space-sharepoint-server-2016
SharePoint16ITPro,1c030561-e15f-43a0-9ef2-f43e67fb4c67,plan-records-management-in-sharepoint-server-2013
SharePoint16ITPro,a2420e0a-bc3d-4a07-b7b9-f44c7a74ade1,manage-the-search-topology-in-sharepoint-server
SharePoint16ITPro,5f0f9910-d851-4ffa-832b-f47558e4758c,accounts-used-by-application-pools-or-service-identities-are-in-the-local-machin
SharePoint16ITPro,8a911115-de8a-4cf3-9701-f5ba78fa8bfc,install-and-configure-sharepoint-server-2016
SharePoint16ITPro,396c85d9-4b86-484e-9cc5-f6c4d725c578,upgrade-to-sharepoint-server-2016
SharePoint16ITPro,e4aafc9c-f7d6-4ffd-b4e3-f74d1cf502ee,solutions-for-the-real-world-in-sharepoint-server
SharePoint16ITPro,fbfd98f1-403f-4648-9850-f7bd37f2255e,start-pause-resume-or-stop-a-crawl-in-sharepoint-server
SharePoint16ITPro,1cd060e0-1eb6-424c-8ade-f8d39cd20d1d,view-timer-job-status-in-sharepoint-server-2016
SharePoint16ITPro,f6d49e94-ad29-456d-8cd9-f940154d5a0e,configure-hybrid-federated-search-from-sharepoint-online-to-sharepoint-serverroa
SharePoint16ITPro,db4bea29-65fb-4c48-828a-f96502fed697,data-sources-supported-in-excel-services-sharepoint-server-2013
SharePoint16ITPro,86e4a832-ef3a-46cf-9b60-f9796292bf3e,overview-of-the-search-schema-in-sharepoint-server
SharePoint16ITPro,ef9a10b9-2283-431e-9dc2-f98a78a33b39,performancepoint-services-administration
SharePoint16ITPro,5e7be5ff-5216-406b-9bfe-f9ff1f9651aa,more-cache-hosts-are-running-in-this-deployment-than-are-registered-with-sharepo
SharePoint16ITPro,bcbddee7-1c77-4788-9a32-fb585c48ee37,role-conversion-using-minrole-in-sharepoint-server-2016
SharePoint16ITPro,197ce911-c4f6-40a3-84c1-fb5999623b51,manage-search-components-in-sharepoint-server
SharePoint16ITPro,a96cfa2d-87f8-4991-801c-fd5482d49d0b,administer-excel-services-in-sharepoint-server-2013
SharePoint16ITPro,062b6ff7-a4ee-408f-811e-fdba45ca3c08,the-visio-graphics-service-has-a-minimum-cache-age-setting-that-will-adversely-i
SharePoint16ITPro,e81557fb-5046-4a67-8ec8-fdfda648af68,new-and-improved-features-in-sharepoint-server-2016
SharePoint16ITPro,0317c126-78ed-47e0-9109-fe143ddb0259,migrate-content-into-or-out-of-rbs-in-sharepoint-server
SharePoint16ITPro,76a4e2e3-7e10-41da-b3a8-fe62e193dc24,one-or-more-app-domains-for-web-applications-aren-t-configured-correctly-sharepo
SharePoint16ITPro,18b1dbaf-d8e1-416b-b2fb-fe6cd0a369f1,manage-a-paused-search-service-application-in-sharepoint-server
SharePoint16ITPro,c1f83b4f-a507-42f7-bd82-fed5404ed1ad,deciding-to-use-rbs-in-sharepoint-server
